[
  {
    "partId": "eyes-gero",
    "class": "aquatic",
    "specialGenes": null,
    "type": "eyes",
    "name": "Gero"
  },
  {
    "partId": "eyes-sleepless",
    "class": "aquatic",
    "specialGenes": null,
    "type": "eyes",
    "name": "Sleepless"
  },
  {
    "partId": "eyes-yen",
    "class": "aquatic",
    "specialGenes": "japan",
    "type": "eyes",
    "name": "Yen"
  },
  {
    "partId": "eyes-clear",
    "class": "aquatic",
    "specialGenes": null,
    "type": "eyes",
    "name": "Clear"
  },
  {
    "partId": "eyes-telescope",
    "class": "aquatic",
    "specialGenes": null,
    "type": "eyes",
    "name": "Telescope"
  },
  {
    "partId": "ears-tiny-fan",
    "class": "aquatic",
    "specialGenes": null,
    "type": "ears",
    "name": "Tiny Fan"
  },
  {
    "partId": "ears-bubblemaker",
    "class": "aquatic",
    "specialGenes": null,
    "type": "ears",
    "name": "Bubblemaker"
  },
  {
    "partId": "ears-gill",
    "class": "aquatic",
    "specialGenes": null,
    "type": "ears",
    "name": "Gill"
  },
  {
    "partId": "ears-inkling",
    "class": "aquatic",
    "specialGenes": null,
    "type": "ears",
    "name": "Inkling"
  },
  {
    "partId": "ears-red-nimo",
    "class": "aquatic",
    "specialGenes": "mystic",
    "type": "ears",
    "name": "Red Nimo"
  },
  {
    "partId": "eyes-insomnia",
    "class": "aquatic",
    "specialGenes": "mystic",
    "type": "eyes",
    "name": "Insomnia"
  },
  {
    "partId": "ears-nimo",
    "class": "aquatic",
    "specialGenes": null,
    "type": "ears",
    "name": "Nimo"
  },
  {
    "partId": "mouth-lam-handsome",
    "class": "aquatic",
    "specialGenes": "mystic",
    "type": "mouth",
    "name": "Lam Handsome"
  },
  {
    "partId": "mouth-lam",
    "class": "aquatic",
    "specialGenes": null,
    "type": "mouth",
    "name": "Lam"
  },
  {
    "partId": "mouth-risky-fish",
    "class": "aquatic",
    "specialGenes": null,
    "type": "mouth",
    "name": "Risky Fish"
  },
  {
    "partId": "mouth-piranha",
    "class": "aquatic",
    "specialGenes": null,
    "type": "mouth",
    "name": "Piranha"
  },
  {
    "partId": "horn-babylonia",
    "class": "aquatic",
    "specialGenes": null,
    "type": "horn",
    "name": "Babylonia"
  },
  {
    "partId": "mouth-geisha",
    "class": "aquatic",
    "specialGenes": "japan",
    "type": "mouth",
    "name": "Geisha"
  },
  {
    "partId": "horn-teal-shell",
    "class": "aquatic",
    "specialGenes": null,
    "type": "horn",
    "name": "Teal Shell"
  },
  {
    "partId": "mouth-catfish",
    "class": "aquatic",
    "specialGenes": null,
    "type": "mouth",
    "name": "Catfish"
  },
  {
    "partId": "horn-anemone",
    "class": "aquatic",
    "specialGenes": null,
    "type": "horn",
    "name": "Anemone"
  },
  {
    "partId": "horn-clamshell",
    "class": "aquatic",
    "specialGenes": null,
    "type": "horn",
    "name": "Clamshell"
  },
  {
    "partId": "ears-seaslug",
    "class": "aquatic",
    "specialGenes": null,
    "type": "ears",
    "name": "Seaslug"
  },
  {
    "partId": "horn-shoal-star",
    "class": "aquatic",
    "specialGenes": null,
    "type": "horn",
    "name": "Shoal Star"
  },
  {
    "partId": "back-blue-moon",
    "class": "aquatic",
    "specialGenes": null,
    "type": "back",
    "name": "Blue Moon"
  },
  {
    "partId": "back-sponge",
    "class": "aquatic",
    "specialGenes": null,
    "type": "back",
    "name": "Sponge"
  },
  {
    "partId": "horn-5h04l-5t4r",
    "class": "aquatic",
    "specialGenes": "bionic",
    "type": "horn",
    "name": "5H04L-5T4R"
  },
  {
    "partId": "horn-oranda",
    "class": "aquatic",
    "specialGenes": null,
    "type": "horn",
    "name": "Oranda"
  },
  {
    "partId": "back-hermit",
    "class": "aquatic",
    "specialGenes": null,
    "type": "back",
    "name": "Hermit"
  },
  {
    "partId": "back-crystal-hermit",
    "class": "aquatic",
    "specialGenes": "mystic",
    "type": "back",
    "name": "Crystal Hermit"
  },
  {
    "partId": "horn-candy-babylonia",
    "class": "aquatic",
    "specialGenes": "mystic",
    "type": "horn",
    "name": "Candy Babylonia"
  },
  {
    "partId": "back-goldfish",
    "class": "aquatic",
    "specialGenes": null,
    "type": "back",
    "name": "Goldfish"
  },
  {
    "partId": "tail-koi",
    "class": "aquatic",
    "specialGenes": null,
    "type": "tail",
    "name": "Koi"
  },
  {
    "partId": "back-anemone",
    "class": "aquatic",
    "specialGenes": null,
    "type": "back",
    "name": "Anemone"
  },
  {
    "partId": "tail-koinobori",
    "class": "aquatic",
    "specialGenes": "japan",
    "type": "tail",
    "name": "Koinobori"
  },
  {
    "partId": "tail-nimo",
    "class": "aquatic",
    "specialGenes": null,
    "type": "tail",
    "name": "Nimo"
  },
  {
    "partId": "tail-navaga",
    "class": "aquatic",
    "specialGenes": null,
    "type": "tail",
    "name": "Navaga"
  },
  {
    "partId": "back-perch",
    "class": "aquatic",
    "specialGenes": null,
    "type": "back",
    "name": "Perch"
  },
  {
    "partId": "tail-tadpole",
    "class": "aquatic",
    "specialGenes": null,
    "type": "tail",
    "name": "Tadpole"
  },
  {
    "partId": "tail-kuro-koi",
    "class": "aquatic",
    "specialGenes": "mystic",
    "type": "tail",
    "name": "Kuro Koi"
  },
  {
    "partId": "tail-ranchu",
    "class": "aquatic",
    "specialGenes": null,
    "type": "tail",
    "name": "Ranchu"
  },
  {
    "partId": "tail-shrimp",
    "class": "aquatic",
    "specialGenes": null,
    "type": "tail",
    "name": "Shrimp"
  },
  {
    "partId": "eyes-zeal",
    "class": "beast",
    "specialGenes": null,
    "type": "eyes",
    "name": "Zeal"
  },
  {
    "partId": "eyes-chubby",
    "class": "beast",
    "specialGenes": null,
    "type": "eyes",
    "name": "Chubby"
  },
  {
    "partId": "ears-nut-cracker",
    "class": "beast",
    "specialGenes": null,
    "type": "ears",
    "name": "Nut Cracker"
  },
  {
    "partId": "eyes-snowflakes",
    "class": "beast",
    "specialGenes": "xmas",
    "type": "eyes",
    "name": "Snowflakes"
  },
  {
    "partId": "eyes-puppy",
    "class": "beast",
    "specialGenes": null,
    "type": "eyes",
    "name": "Puppy"
  },
  {
    "partId": "ears-pointy-nyan",
    "class": "beast",
    "specialGenes": "mystic",
    "type": "ears",
    "name": "Pointy Nyan"
  },
  {
    "partId": "ears-innocent-lamb",
    "class": "beast",
    "specialGenes": null,
    "type": "ears",
    "name": "Innocent Lamb"
  },
  {
    "partId": "ears-nyan",
    "class": "beast",
    "specialGenes": null,
    "type": "ears",
    "name": "Nyan"
  },
  {
    "partId": "eyes-calico-zeal",
    "class": "beast",
    "specialGenes": "mystic",
    "type": "eyes",
    "name": "Calico Zeal"
  },
  {
    "partId": "eyes-little-peas",
    "class": "beast",
    "specialGenes": null,
    "type": "eyes",
    "name": "Little Peas"
  },
  {
    "partId": "ears-belieber",
    "class": "beast",
    "specialGenes": null,
    "type": "ears",
    "name": "Belieber"
  },
  {
    "partId": "ears-puppy",
    "class": "beast",
    "specialGenes": null,
    "type": "ears",
    "name": "Puppy"
  },
  {
    "partId": "mouth-skull-cracker",
    "class": "beast",
    "specialGenes": "mystic",
    "type": "mouth",
    "name": "Skull Cracker"
  },
  {
    "partId": "ears-zen",
    "class": "beast",
    "specialGenes": null,
    "type": "ears",
    "name": "Zen"
  },
  {
    "partId": "mouth-goda",
    "class": "beast",
    "specialGenes": null,
    "type": "mouth",
    "name": "Goda"
  },
  {
    "partId": "mouth-axie-kiss",
    "class": "beast",
    "specialGenes": null,
    "type": "mouth",
    "name": "Axie Kiss"
  },
  {
    "partId": "mouth-confident",
    "class": "beast",
    "specialGenes": null,
    "type": "mouth",
    "name": "Confident"
  },
  {
    "partId": "horn-winter-branch",
    "class": "beast",
    "specialGenes": "mystic",
    "type": "horn",
    "name": "Winter Branch"
  },
  {
    "partId": "horn-imp",
    "class": "beast",
    "specialGenes": null,
    "type": "horn",
    "name": "Imp"
  },
  {
    "partId": "horn-kendama",
    "class": "beast",
    "specialGenes": "japan",
    "type": "horn",
    "name": "Kendama"
  },
  {
    "partId": "mouth-nut-cracker",
    "class": "beast",
    "specialGenes": null,
    "type": "mouth",
    "name": "Nut Cracker"
  },
  {
    "partId": "ears-merry-lamb",
    "class": "beast",
    "specialGenes": "xmas",
    "type": "ears",
    "name": "Merry Lamb"
  },
  {
    "partId": "horn-dual-blade",
    "class": "beast",
    "specialGenes": null,
    "type": "horn",
    "name": "Dual Blade"
  },
  {
    "partId": "horn-pocky",
    "class": "beast",
    "specialGenes": null,
    "type": "horn",
    "name": "Pocky"
  },
  {
    "partId": "horn-little-branch",
    "class": "beast",
    "specialGenes": null,
    "type": "horn",
    "name": "Little Branch"
  },
  {
    "partId": "back-ronin",
    "class": "beast",
    "specialGenes": null,
    "type": "back",
    "name": "Ronin"
  },
  {
    "partId": "horn-arco",
    "class": "beast",
    "specialGenes": null,
    "type": "horn",
    "name": "Arco"
  },
  {
    "partId": "back-hasagi",
    "class": "beast",
    "specialGenes": "mystic",
    "type": "back",
    "name": "Hasagi"
  },
  {
    "partId": "horn-umaibo",
    "class": "beast",
    "specialGenes": "japan",
    "type": "horn",
    "name": "Umaibo"
  },
  {
    "partId": "horn-merry",
    "class": "beast",
    "specialGenes": null,
    "type": "horn",
    "name": "Merry"
  },
  {
    "partId": "back-hero",
    "class": "beast",
    "specialGenes": null,
    "type": "back",
    "name": "Hero"
  },
  {
    "partId": "back-jaguar",
    "class": "beast",
    "specialGenes": null,
    "type": "back",
    "name": "Jaguar"
  },
  {
    "partId": "back-timber",
    "class": "beast",
    "specialGenes": null,
    "type": "back",
    "name": "Timber"
  },
  {
    "partId": "back-risky-beast",
    "class": "beast",
    "specialGenes": null,
    "type": "back",
    "name": "Risky Beast"
  },
  {
    "partId": "back-furball",
    "class": "beast",
    "specialGenes": null,
    "type": "back",
    "name": "Furball"
  },
  {
    "partId": "back-hamaya",
    "class": "beast",
    "specialGenes": "japan",
    "type": "back",
    "name": "Hamaya"
  },
  {
    "partId": "tail-sakura-cottontail",
    "class": "beast",
    "specialGenes": "mystic",
    "type": "tail",
    "name": "Sakura Cottontail"
  },
  {
    "partId": "tail-cottontail",
    "class": "beast",
    "specialGenes": null,
    "type": "tail",
    "name": "Cottontail"
  },
  {
    "partId": "tail-rice",
    "class": "beast",
    "specialGenes": null,
    "type": "tail",
    "name": "Rice"
  },
  {
    "partId": "tail-shiba",
    "class": "beast",
    "specialGenes": null,
    "type": "tail",
    "name": "Shiba"
  },
  {
    "partId": "tail-hare",
    "class": "beast",
    "specialGenes": null,
    "type": "tail",
    "name": "Hare"
  },
  {
    "partId": "tail-gerbil",
    "class": "beast",
    "specialGenes": null,
    "type": "tail",
    "name": "Gerbil"
  },
  {
    "partId": "eyes-sky-mavis",
    "class": "bird",
    "specialGenes": "mystic",
    "type": "eyes",
    "name": "Sky Mavis"
  },
  {
    "partId": "tail-nut-cracker",
    "class": "beast",
    "specialGenes": null,
    "type": "tail",
    "name": "Nut Cracker"
  },
  {
    "partId": "eyes-little-owl",
    "class": "bird",
    "specialGenes": null,
    "type": "eyes",
    "name": "Little Owl"
  },
  {
    "partId": "eyes-lucas",
    "class": "bird",
    "specialGenes": null,
    "type": "eyes",
    "name": "Lucas"
  },
  {
    "partId": "eyes-mavis",
    "class": "bird",
    "specialGenes": null,
    "type": "eyes",
    "name": "Mavis"
  },
  {
    "partId": "ears-pink-cheek",
    "class": "bird",
    "specialGenes": null,
    "type": "ears",
    "name": "Pink Cheek"
  },
  {
    "partId": "eyes-robin",
    "class": "bird",
    "specialGenes": null,
    "type": "eyes",
    "name": "Robin"
  },
  {
    "partId": "ears-heart-cheek",
    "class": "bird",
    "specialGenes": "mystic",
    "type": "ears",
    "name": "Heart Cheek"
  },
  {
    "partId": "ears-early-bird",
    "class": "bird",
    "specialGenes": null,
    "type": "ears",
    "name": "Early Bird"
  },
  {
    "partId": "ears-owl",
    "class": "bird",
    "specialGenes": null,
    "type": "ears",
    "name": "Owl"
  },
  {
    "partId": "ears-risky-bird",
    "class": "bird",
    "specialGenes": null,
    "type": "ears",
    "name": "Risky Bird"
  },
  {
    "partId": "ears-curly",
    "class": "bird",
    "specialGenes": null,
    "type": "ears",
    "name": "Curly"
  },
  {
    "partId": "ears-peace-maker",
    "class": "bird",
    "specialGenes": null,
    "type": "ears",
    "name": "Peace Maker"
  },
  {
    "partId": "ears-karimata",
    "class": "bird",
    "specialGenes": "japan",
    "type": "ears",
    "name": "Karimata"
  },
  {
    "partId": "mouth-doubletalk",
    "class": "bird",
    "specialGenes": null,
    "type": "mouth",
    "name": "Doubletalk"
  },
  {
    "partId": "mouth-mr-doubletalk",
    "class": "bird",
    "specialGenes": "mystic",
    "type": "mouth",
    "name": "Mr. Doubletalk"
  },
  {
    "partId": "mouth-peace-maker",
    "class": "bird",
    "specialGenes": null,
    "type": "mouth",
    "name": "Peace Maker"
  },
  {
    "partId": "mouth-hungry-bird",
    "class": "bird",
    "specialGenes": null,
    "type": "mouth",
    "name": "Hungry Bird"
  },
  {
    "partId": "mouth-little-owl",
    "class": "bird",
    "specialGenes": null,
    "type": "mouth",
    "name": "Little Owl"
  },
  {
    "partId": "horn-eggshell",
    "class": "bird",
    "specialGenes": null,
    "type": "horn",
    "name": "Eggshell"
  },
  {
    "partId": "horn-golden-shell",
    "class": "bird",
    "specialGenes": "mystic",
    "type": "horn",
    "name": "Golden Shell"
  },
  {
    "partId": "horn-cuckoo",
    "class": "bird",
    "specialGenes": null,
    "type": "horn",
    "name": "Cuckoo"
  },
  {
    "partId": "horn-kestrel",
    "class": "bird",
    "specialGenes": null,
    "type": "horn",
    "name": "Kestrel"
  },
  {
    "partId": "horn-trump",
    "class": "bird",
    "specialGenes": null,
    "type": "horn",
    "name": "Trump"
  },
  {
    "partId": "horn-wing-horn",
    "class": "bird",
    "specialGenes": null,
    "type": "horn",
    "name": "Wing Horn"
  },
  {
    "partId": "horn-feather-spear",
    "class": "bird",
    "specialGenes": null,
    "type": "horn",
    "name": "Feather Spear"
  },
  {
    "partId": "back-balloon",
    "class": "bird",
    "specialGenes": null,
    "type": "back",
    "name": "Balloon"
  },
  {
    "partId": "horn-spruce-spear",
    "class": "bird",
    "specialGenes": "xmas",
    "type": "horn",
    "name": "Spruce Spear"
  },
  {
    "partId": "back-cupid",
    "class": "bird",
    "specialGenes": null,
    "type": "back",
    "name": "Cupid"
  },
  {
    "partId": "back-starry-balloon",
    "class": "bird",
    "specialGenes": "mystic",
    "type": "back",
    "name": "Starry Balloon"
  },
  {
    "partId": "back-origami",
    "class": "bird",
    "specialGenes": "japan",
    "type": "back",
    "name": "Origami"
  },
  {
    "partId": "back-raven",
    "class": "bird",
    "specialGenes": null,
    "type": "back",
    "name": "Raven"
  },
  {
    "partId": "back-pigeon-post",
    "class": "bird",
    "specialGenes": null,
    "type": "back",
    "name": "Pigeon Post"
  },
  {
    "partId": "back-kingfisher",
    "class": "bird",
    "specialGenes": null,
    "type": "back",
    "name": "Kingfisher"
  },
  {
    "partId": "tail-swallow",
    "class": "bird",
    "specialGenes": null,
    "type": "tail",
    "name": "Swallow"
  },
  {
    "partId": "back-tri-feather",
    "class": "bird",
    "specialGenes": null,
    "type": "back",
    "name": "Tri Feather"
  },
  {
    "partId": "tail-snowy-swallow",
    "class": "bird",
    "specialGenes": "mystic",
    "type": "tail",
    "name": "Snowy Swallow"
  },
  {
    "partId": "tail-feather-fan",
    "class": "bird",
    "specialGenes": null,
    "type": "tail",
    "name": "Feather Fan"
  },
  {
    "partId": "tail-the-last-one",
    "class": "bird",
    "specialGenes": null,
    "type": "tail",
    "name": "The Last One"
  },
  {
    "partId": "tail-cloud",
    "class": "bird",
    "specialGenes": null,
    "type": "tail",
    "name": "Cloud"
  },
  {
    "partId": "tail-granmas-fan",
    "class": "bird",
    "specialGenes": null,
    "type": "tail",
    "name": "Granma's Fan"
  },
  {
    "partId": "tail-omatsuri",
    "class": "bird",
    "specialGenes": "japan",
    "type": "tail",
    "name": "Omatsuri"
  },
  {
    "partId": "eyes-bookworm",
    "class": "bug",
    "specialGenes": null,
    "type": "eyes",
    "name": "Bookworm"
  },
  {
    "partId": "tail-post-fight",
    "class": "bird",
    "specialGenes": null,
    "type": "tail",
    "name": "Post Fight"
  },
  {
    "partId": "eyes-neo",
    "class": "bug",
    "specialGenes": null,
    "type": "eyes",
    "name": "Neo"
  },
  {
    "partId": "eyes-nerdy",
    "class": "bug",
    "specialGenes": null,
    "type": "eyes",
    "name": "Nerdy"
  },
  {
    "partId": "eyes-kotaro",
    "class": "bug",
    "specialGenes": null,
    "type": "eyes",
    "name": "Kotaro?"
  },
  {
    "partId": "eyes-broken-bookworm",
    "class": "bug",
    "specialGenes": "mystic",
    "type": "eyes",
    "name": "Broken Bookworm"
  },
  {
    "partId": "ears-larva",
    "class": "bug",
    "specialGenes": null,
    "type": "ears",
    "name": "Larva"
  },
  {
    "partId": "ears-beetle-spike",
    "class": "bug",
    "specialGenes": null,
    "type": "ears",
    "name": "Beetle Spike"
  },
  {
    "partId": "ears-vector",
    "class": "bug",
    "specialGenes": "mystic",
    "type": "ears",
    "name": "Vector"
  },
  {
    "partId": "ears-ear-breathing",
    "class": "bug",
    "specialGenes": null,
    "type": "ears",
    "name": "Ear Breathing"
  },
  {
    "partId": "ears-leaf-bug",
    "class": "bug",
    "specialGenes": null,
    "type": "ears",
    "name": "Leaf Bug"
  },
  {
    "partId": "ears-tassels",
    "class": "bug",
    "specialGenes": null,
    "type": "ears",
    "name": "Tassels"
  },
  {
    "partId": "ears-mon",
    "class": "bug",
    "specialGenes": "japan",
    "type": "ears",
    "name": "Mon"
  },
  {
    "partId": "ears-earwing",
    "class": "bug",
    "specialGenes": null,
    "type": "ears",
    "name": "Earwing"
  },
  {
    "partId": "mouth-mosquito",
    "class": "bug",
    "specialGenes": null,
    "type": "mouth",
    "name": "Mosquito"
  },
  {
    "partId": "mouth-feasting-mosquito",
    "class": "bug",
    "specialGenes": "mystic",
    "type": "mouth",
    "name": "Feasting Mosquito"
  },
  {
    "partId": "mouth-pincer",
    "class": "bug",
    "specialGenes": null,
    "type": "mouth",
    "name": "Pincer"
  },
  {
    "partId": "tail-ant",
    "class": "bug",
    "specialGenes": null,
    "type": "tail",
    "name": "Ant"
  },
  {
    "partId": "mouth-zigzag",
    "class": "plant",
    "specialGenes": null,
    "type": "mouth",
    "name": "Zigzag"
  },
  {
    "partId": "tail-carrot",
    "class": "plant",
    "specialGenes": null,
    "type": "tail",
    "name": "Carrot"
  },
  {
    "partId": "ears-sidebarb",
    "class": "reptile",
    "specialGenes": null,
    "type": "ears",
    "name": "Sidebarb"
  },
  {
    "partId": "tail-december-surprise",
    "class": "reptile",
    "specialGenes": "xmas",
    "type": "tail",
    "name": "December Surprise"
  },
  {
    "partId": "mouth-kawaii",
    "class": "bug",
    "specialGenes": "japan",
    "type": "mouth",
    "name": "Kawaii"
  },
  {
    "partId": "tail-pupae",
    "class": "bug",
    "specialGenes": null,
    "type": "tail",
    "name": "Pupae"
  },
  {
    "partId": "mouth-herbivore",
    "class": "plant",
    "specialGenes": null,
    "type": "mouth",
    "name": "Herbivore"
  },
  {
    "partId": "tail-hatsune",
    "class": "plant",
    "specialGenes": null,
    "type": "tail",
    "name": "Hatsune"
  },
  {
    "partId": "ears-swirl",
    "class": "reptile",
    "specialGenes": null,
    "type": "ears",
    "name": "Swirl"
  },
  {
    "partId": "tail-iguana",
    "class": "reptile",
    "specialGenes": null,
    "type": "tail",
    "name": "Iguana"
  },
  {
    "partId": "horn-laggingggggg",
    "class": "bug",
    "specialGenes": "mystic",
    "type": "horn",
    "name": "Laggingggggg"
  },
  {
    "partId": "horn-caterpillars",
    "class": "bug",
    "specialGenes": null,
    "type": "horn",
    "name": "Caterpillars"
  },
  {
    "partId": "tail-fire-ant",
    "class": "bug",
    "specialGenes": "mystic",
    "type": "tail",
    "name": "Fire Ant"
  },
  {
    "partId": "tail-thorny-caterpillar",
    "class": "bug",
    "specialGenes": null,
    "type": "tail",
    "name": "Thorny Caterpillar"
  },
  {
    "partId": "mouth-serious",
    "class": "plant",
    "specialGenes": null,
    "type": "mouth",
    "name": "Serious"
  },
  {
    "partId": "horn-golden-bamboo-shoot",
    "class": "plant",
    "specialGenes": "mystic",
    "type": "horn",
    "name": "Golden Bamboo Shoot"
  },
  {
    "partId": "back-bidens",
    "class": "plant",
    "specialGenes": null,
    "type": "back",
    "name": "Bidens"
  },
  {
    "partId": "tail-yam",
    "class": "plant",
    "specialGenes": null,
    "type": "tail",
    "name": "Yam"
  },
  {
    "partId": "eyes-dokuganryu",
    "class": "reptile",
    "specialGenes": "japan",
    "type": "eyes",
    "name": "Dokuganryu"
  },
  {
    "partId": "mouth-kotaro",
    "class": "reptile",
    "specialGenes": null,
    "type": "mouth",
    "name": "Kotaro"
  },
  {
    "partId": "back-rugged-sail",
    "class": "reptile",
    "specialGenes": "mystic",
    "type": "back",
    "name": "Rugged Sail"
  },
  {
    "partId": "tail-tiny-dino",
    "class": "reptile",
    "specialGenes": null,
    "type": "tail",
    "name": "Tiny Dino"
  },
  {
    "partId": "mouth-square-teeth",
    "class": "bug",
    "specialGenes": null,
    "type": "mouth",
    "name": "Square Teeth"
  },
  {
    "partId": "horn-lagging",
    "class": "bug",
    "specialGenes": null,
    "type": "horn",
    "name": "Lagging"
  },
  {
    "partId": "tail-gravel-ant",
    "class": "bug",
    "specialGenes": null,
    "type": "tail",
    "name": "Gravel Ant"
  },
  {
    "partId": "eyes-papi",
    "class": "plant",
    "specialGenes": null,
    "type": "eyes",
    "name": "Papi"
  },
  {
    "partId": "mouth-silence-whisper",
    "class": "plant",
    "specialGenes": null,
    "type": "mouth",
    "name": "Silence Whisper"
  },
  {
    "partId": "horn-beech",
    "class": "plant",
    "specialGenes": null,
    "type": "horn",
    "name": "Beech"
  },
  {
    "partId": "tail-potato-leaf",
    "class": "plant",
    "specialGenes": null,
    "type": "tail",
    "name": "Potato Leaf"
  },
  {
    "partId": "tail-hot-butt",
    "class": "plant",
    "specialGenes": null,
    "type": "tail",
    "name": "Hot Butt"
  },
  {
    "partId": "mouth-dango",
    "class": "reptile",
    "specialGenes": "japan",
    "type": "mouth",
    "name": "Dango"
  },
  {
    "partId": "mouth-tiny-turtle",
    "class": "reptile",
    "specialGenes": null,
    "type": "mouth",
    "name": "Tiny Turtle"
  },
  {
    "partId": "back-1nd14n-5t4r",
    "class": "reptile",
    "specialGenes": "bionic",
    "type": "back",
    "name": "1ND14N-5T4R"
  },
  {
    "partId": "tail-wall-gecko",
    "class": "reptile",
    "specialGenes": null,
    "type": "tail",
    "name": "Wall Gecko"
  },
  {
    "partId": "horn-antenna",
    "class": "bug",
    "specialGenes": null,
    "type": "horn",
    "name": "Antenna"
  },
  {
    "partId": "horn-parasite",
    "class": "bug",
    "specialGenes": null,
    "type": "horn",
    "name": "Parasite"
  },
  {
    "partId": "tail-maki",
    "class": "bug",
    "specialGenes": "japan",
    "type": "tail",
    "name": "Maki"
  },
  {
    "partId": "eyes-dreamy-papi",
    "class": "plant",
    "specialGenes": "mystic",
    "type": "eyes",
    "name": "Dreamy Papi"
  },
  {
    "partId": "ears-lotus",
    "class": "plant",
    "specialGenes": null,
    "type": "ears",
    "name": "Lotus"
  },
  {
    "partId": "horn-bamboo-shoot",
    "class": "plant",
    "specialGenes": null,
    "type": "horn",
    "name": "Bamboo Shoot"
  },
  {
    "partId": "tail-namek-carrot",
    "class": "plant",
    "specialGenes": "mystic",
    "type": "tail",
    "name": "Namek Carrot"
  },
  {
    "partId": "tail-cattail",
    "class": "plant",
    "specialGenes": null,
    "type": "tail",
    "name": "Cattail"
  },
  {
    "partId": "mouth-venom-bite",
    "class": "reptile",
    "specialGenes": "mystic",
    "type": "mouth",
    "name": "Venom Bite"
  },
  {
    "partId": "horn-unko",
    "class": "reptile",
    "specialGenes": null,
    "type": "horn",
    "name": "Unko"
  },
  {
    "partId": "back-croc",
    "class": "reptile",
    "specialGenes": null,
    "type": "back",
    "name": "Croc"
  },
  {
    "partId": "tail-snake-jar",
    "class": "reptile",
    "specialGenes": null,
    "type": "tail",
    "name": "Snake Jar"
  },
  {
    "partId": "horn-pliers",
    "class": "bug",
    "specialGenes": null,
    "type": "horn",
    "name": "Pliers"
  },
  {
    "partId": "horn-p4r451t3",
    "class": "bug",
    "specialGenes": "bionic",
    "type": "horn",
    "name": "P4R451T3"
  },
  {
    "partId": "tail-fish-snack",
    "class": "bug",
    "specialGenes": null,
    "type": "tail",
    "name": "Fish Snack"
  },
  {
    "partId": "eyes-blossom",
    "class": "plant",
    "specialGenes": null,
    "type": "eyes",
    "name": "Blossom"
  },
  {
    "partId": "mouth-humorless",
    "class": "plant",
    "specialGenes": "mystic",
    "type": "mouth",
    "name": "Humorless"
  },
  {
    "partId": "horn-strawberry-shortcake",
    "class": "plant",
    "specialGenes": null,
    "type": "horn",
    "name": "Strawberry Shortcake"
  },
  {
    "partId": "back-mint",
    "class": "plant",
    "specialGenes": null,
    "type": "back",
    "name": "Mint"
  },
  {
    "partId": "eyes-tricky",
    "class": "reptile",
    "specialGenes": null,
    "type": "eyes",
    "name": "Tricky"
  },
  {
    "partId": "ears-small-frill",
    "class": "reptile",
    "specialGenes": null,
    "type": "ears",
    "name": "Small Frill"
  },
  {
    "partId": "horn-pinku-unko",
    "class": "reptile",
    "specialGenes": "mystic",
    "type": "horn",
    "name": "Pinku Unko"
  },
  {
    "partId": "back-indian-star",
    "class": "reptile",
    "specialGenes": null,
    "type": "back",
    "name": "Indian Star"
  },
  {
    "partId": "horn-leaf-bug",
    "class": "bug",
    "specialGenes": null,
    "type": "horn",
    "name": "Leaf Bug"
  },
  {
    "partId": "ears-the-last-leaf",
    "class": "plant",
    "specialGenes": "mystic",
    "type": "ears",
    "name": "The Last Leaf"
  },
  {
    "partId": "horn-watermelon",
    "class": "plant",
    "specialGenes": null,
    "type": "horn",
    "name": "Watermelon"
  },
  {
    "partId": "eyes-scar",
    "class": "reptile",
    "specialGenes": null,
    "type": "eyes",
    "name": "Scar"
  },
  {
    "partId": "horn-cerastes",
    "class": "reptile",
    "specialGenes": null,
    "type": "horn",
    "name": "Cerastes"
  },
  {
    "partId": "back-snail-shell",
    "class": "bug",
    "specialGenes": null,
    "type": "back",
    "name": "Snail Shell"
  },
  {
    "partId": "eyes-cucumber-slice",
    "class": "plant",
    "specialGenes": null,
    "type": "eyes",
    "name": "Cucumber Slice"
  },
  {
    "partId": "horn-rose-bud",
    "class": "plant",
    "specialGenes": null,
    "type": "horn",
    "name": "Rose Bud"
  },
  {
    "partId": "eyes-crimson-gecko",
    "class": "reptile",
    "specialGenes": "mystic",
    "type": "eyes",
    "name": "Crimson Gecko"
  },
  {
    "partId": "horn-scaly-spear",
    "class": "reptile",
    "specialGenes": null,
    "type": "horn",
    "name": "Scaly Spear"
  },
  {
    "partId": "tail-gila",
    "class": "reptile",
    "specialGenes": null,
    "type": "tail",
    "name": "Gila"
  },
  {
    "partId": "back-starry-shell",
    "class": "bug",
    "specialGenes": "mystic",
    "type": "back",
    "name": "Starry Shell"
  },
  {
    "partId": "eyes-confused",
    "class": "plant",
    "specialGenes": null,
    "type": "eyes",
    "name": "Confused"
  },
  {
    "partId": "horn-yorishiro",
    "class": "plant",
    "specialGenes": "japan",
    "type": "horn",
    "name": "Yorishiro"
  },
  {
    "partId": "eyes-gecko",
    "class": "reptile",
    "specialGenes": null,
    "type": "eyes",
    "name": "Gecko"
  },
  {
    "partId": "mouth-razor-bite",
    "class": "reptile",
    "specialGenes": null,
    "type": "mouth",
    "name": "Razor Bite"
  },
  {
    "partId": "tail-escaped-gecko",
    "class": "reptile",
    "specialGenes": "mystic",
    "type": "tail",
    "name": "Escaped Gecko"
  },
  {
    "partId": "back-garish-worm",
    "class": "bug",
    "specialGenes": null,
    "type": "back",
    "name": "Garish Worm"
  },
  {
    "partId": "ears-clover",
    "class": "plant",
    "specialGenes": null,
    "type": "ears",
    "name": "Clover"
  },
  {
    "partId": "back-shiitake",
    "class": "plant",
    "specialGenes": null,
    "type": "back",
    "name": "Shiitake"
  },
  {
    "partId": "ears-deadly-pogona",
    "class": "reptile",
    "specialGenes": "mystic",
    "type": "ears",
    "name": "Deadly Pogona"
  },
  {
    "partId": "horn-incisor",
    "class": "reptile",
    "specialGenes": null,
    "type": "horn",
    "name": "Incisor"
  },
  {
    "partId": "tail-grass-snake",
    "class": "reptile",
    "specialGenes": null,
    "type": "tail",
    "name": "Grass Snake"
  },
  {
    "partId": "back-candy-canes",
    "class": "bug",
    "specialGenes": "xmas",
    "type": "back",
    "name": "Candy Canes"
  },
  {
    "partId": "ears-maiko",
    "class": "plant",
    "specialGenes": "japan",
    "type": "ears",
    "name": "Maiko"
  },
  {
    "partId": "horn-cactus",
    "class": "plant",
    "specialGenes": null,
    "type": "horn",
    "name": "Cactus"
  },
  {
    "partId": "ears-friezard",
    "class": "reptile",
    "specialGenes": null,
    "type": "ears",
    "name": "Friezard"
  },
  {
    "partId": "back-bone-sail",
    "class": "reptile",
    "specialGenes": null,
    "type": "back",
    "name": "Bone Sail"
  },
  {
    "partId": "back-sandal",
    "class": "bug",
    "specialGenes": null,
    "type": "back",
    "name": "Sandal"
  },
  {
    "partId": "ears-sakura",
    "class": "plant",
    "specialGenes": null,
    "type": "ears",
    "name": "Sakura"
  },
  {
    "partId": "back-turnip",
    "class": "plant",
    "specialGenes": null,
    "type": "back",
    "name": "Turnip"
  },
  {
    "partId": "eyes-topaz",
    "class": "reptile",
    "specialGenes": null,
    "type": "eyes",
    "name": "Topaz"
  },
  {
    "partId": "horn-scaly-spoon",
    "class": "reptile",
    "specialGenes": null,
    "type": "horn",
    "name": "Scaly Spoon"
  },
  {
    "partId": "back-buzz-buzz",
    "class": "bug",
    "specialGenes": null,
    "type": "back",
    "name": "Buzz Buzz"
  },
  {
    "partId": "ears-leafy",
    "class": "plant",
    "specialGenes": null,
    "type": "ears",
    "name": "Leafy"
  },
  {
    "partId": "back-pink-turnip",
    "class": "plant",
    "specialGenes": "mystic",
    "type": "back",
    "name": "Pink Turnip"
  },
  {
    "partId": "eyes-kabuki",
    "class": "reptile",
    "specialGenes": "japan",
    "type": "eyes",
    "name": "Kabuki"
  },
  {
    "partId": "back-tri-spikes",
    "class": "reptile",
    "specialGenes": null,
    "type": "back",
    "name": "Tri Spikes"
  },
  {
    "partId": "back-scarab",
    "class": "bug",
    "specialGenes": null,
    "type": "back",
    "name": "Scarab"
  },
  {
    "partId": "ears-rosa",
    "class": "plant",
    "specialGenes": null,
    "type": "ears",
    "name": "Rosa"
  },
  {
    "partId": "back-watering-can",
    "class": "plant",
    "specialGenes": null,
    "type": "back",
    "name": "Watering Can"
  },
  {
    "partId": "ears-pogona",
    "class": "reptile",
    "specialGenes": null,
    "type": "ears",
    "name": "Pogona"
  },
  {
    "partId": "back-green-thorns",
    "class": "reptile",
    "specialGenes": null,
    "type": "back",
    "name": "Green Thorns"
  },
  {
    "partId": "back-spiky-wing",
    "class": "bug",
    "specialGenes": null,
    "type": "back",
    "name": "Spiky Wing"
  },
  {
    "partId": "ears-hollow",
    "class": "plant",
    "specialGenes": null,
    "type": "ears",
    "name": "Hollow"
  },
  {
    "partId": "back-yakitori",
    "class": "plant",
    "specialGenes": "japan",
    "type": "back",
    "name": "Yakitori"
  },
  {
    "partId": "ears-curved-spine",
    "class": "reptile",
    "specialGenes": null,
    "type": "ears",
    "name": "Curved Spine"
  },
  {
    "partId": "horn-bumpy",
    "class": "reptile",
    "specialGenes": null,
    "type": "horn",
    "name": "Bumpy"
  },
  {
    "partId": "mouth-cute-bunny",
    "class": "bug",
    "specialGenes": null,
    "type": "mouth",
    "name": "Cute Bunny"
  },
  {
    "partId": "tail-twin-tail",
    "class": "bug",
    "specialGenes": null,
    "type": "tail",
    "name": "Twin Tail"
  },
  {
    "partId": "mouth-rudolph",
    "class": "plant",
    "specialGenes": "xmas",
    "type": "mouth",
    "name": "Rudolph"
  },
  {
    "partId": "back-pumpkin",
    "class": "plant",
    "specialGenes": null,
    "type": "back",
    "name": "Pumpkin"
  },
  {
    "partId": "mouth-toothless-bite",
    "class": "reptile",
    "specialGenes": null,
    "type": "mouth",
    "name": "Toothless Bite"
  },
  {
    "partId": "back-red-ear",
    "class": "reptile",
    "specialGenes": null,
    "type": "back",
    "name": "Red Ear"
  }
]
